Invoice_Num;Date;Country;SKU;Batch_Qty;Price_USD;Exchange_Rate_USD_RUB;Customs_and_Logistics_RUB;Lead_Time_Days;
EXP-2026-0000;01.01.2026;Италия;UL-004;1000;6;91,22;38130;40;
EXP-2026-0001;01.01.2026;Казахстан;UL-002;100;8;92,1;6236;12;
EXP-2026-0002;03.01.2026;Сербия;UL-002;1000;8;92,84;32661;25;
EXP-2026-0003;03.01.2026;Сербия;UL-002;1000;8;92,92;46215;25;
EXP-2026-0004;03.01.2026;Италия;UL-005;100;5;92,77;3883;40;
EXP-2026-0005;03.01.2026;Беларусь;UL-007;200;20;91,48;6081;7;
EXP-2026-0006;03.01.2026;Беларусь;UL-007;500;20;92,63;23421;7;
EXP-2026-0007;03.01.2026;Казахстан;UL-003;100;32;91,48;3365;12;
EXP-2026-0008;03.01.2026;Армения;UL-002;200;8;92,76;10943;14;
EXP-2026-0009;04.01.2026;Германия;UL-001;500;12;92,81;29449;35;
EXP-2026-0010;04.01.2026;Армения;UL-002;200;8;92,04;10308;14;
EXP-2026-0011;04.01.2026;Сербия;UL-006;200;9;92,43;12422;25;
EXP-2026-0012;04.01.2026;Италия;UL-005;100;5;91,57;4796;40;
EXP-2026-0013;04.01.2026;Беларусь;UL-001;100;12;92,27;6925;7;
EXP-2026-0014;05.01.2026;Италия;UL-002;1000;8;93,42;41951;40;
EXP-2026-0015;05.01.2026;Италия;UL-005;100;5;91,36;3683;40;
EXP-2026-0016;06.01.2026;Казахстан;UL-001;100;12;92,49;3430;12;
EXP-2026-0017;06.01.2026;Армения;UL-001;200;12;91,64;6361;14;
EXP-2026-0018;06.01.2026;Италия;UL-004;100;6;91,1;3252;40;
EXP-2026-0019;06.01.2026;Беларусь;UL-001;200;12;91,36;10333;7;
EXP-2026-0020;06.01.2026;ОАЭ;UL-001;500;12;92,2;19571;45;
EXP-2026-0021;06.01.2026;Армения;UL-002;500;8;91,76;22737;14;
EXP-2026-0022;06.01.2026;Сербия;UL-003;1000;32;91,15;48814;25;
EXP-2026-0023;06.01.2026;Армения;UL-002;500;8;91,02;19122;14;
EXP-2026-0024;07.01.2026;Беларусь;UL-007;100;20;92,29;5452;7;
EXP-2026-0025;07.01.2026;Италия;UL-001;500;12;91,19;34536;40;
EXP-2026-0026;07.01.2026;Беларусь;UL-006;1000;9;92,24;67195;7;
EXP-2026-0027;07.01.2026;Германия;UL-005;100;5;92,18;3772;35;
EXP-2026-0028;08.01.2026;Германия;UL-006;100;9;93,25;3929;35;
EXP-2026-0029;08.01.2026;Германия;UL-004;100;6;91,46;3600;35;
EXP-2026-0030;08.01.2026;Германия;UL-002;200;8;92,8;10354;35;
EXP-2026-0031;09.01.2026;Германия;UL-005;100;5;92,02;5685;35;
EXP-2026-0032;09.01.2026;Армения;UL-001;100;12;93,27;3581;14;
EXP-2026-0033;09.01.2026;ОАЭ;UL-005;100;5;91,49;3791;45;
EXP-2026-0034;09.01.2026;Беларусь;UL-001;500;12;91,37;25666;7;
EXP-2026-0035;09.01.2026;Сербия;UL-001;200;12;91,44;13262;25;
EXP-2026-0036;09.01.2026;Казахстан;UL-006;200;9;91,58;13905;12;
EXP-2026-0037;09.01.2026;Казахстан;UL-006;100;9;93,17;5437;12;
EXP-2026-0038;09.01.2026;Беларусь;UL-003;100;32;91,12;5152;7;
EXP-2026-0039;09.01.2026;Италия;UL-002;100;8;91,69;5133;40;
EXP-2026-0040;10.01.2026;Германия;UL-006;100;9;93,03;3882;35;
EXP-2026-0041;10.01.2026;Сербия;UL-001;500;12;93,42;26299;25;
EXP-2026-0042;10.01.2026;Казахстан;UL-003;500;32;92,16;15681;12;
EXP-2026-0043;11.01.2026;ОАЭ;UL-006;500;9;92,71;19524;45;
EXP-2026-0044;11.01.2026;Казахстан;UL-002;500;8;91,07;28356;12;
EXP-2026-0045;12.01.2026;ОАЭ;UL-002;500;8;91,59;32834;45;
EXP-2026-0046;12.01.2026;Казахстан;UL-004;200;6;93,18;13562;12;
EXP-2026-0047;12.01.2026;Италия;UL-007;500;20;92,05;21040;40;
EXP-2026-0048;12.01.2026;ОАЭ;UL-006;100;9;93,5;3040;45;
EXP-2026-0049;12.01.2026;Армения;UL-007;200;20;92,08;10985;14;
EXP-2026-0050;13.01.2026;ОАЭ;UL-006;500;9;92,96;27678;45;
EXP-2026-0051;13.01.2026;Сербия;UL-001;500;12;92,73;29663;25;
EXP-2026-0052;14.01.2026;Сербия;UL-001;100;12;93,44;6664;25;
EXP-2026-0053;14.01.2026;Беларусь;UL-002;100;8;93,25;6095;7;
EXP-2026-0054;14.01.2026;ОАЭ;UL-002;500;8;91,37;21371;45;
EXP-2026-0055;14.01.2026;Сербия;UL-004;100;6;92,51;6962;25;
EXP-2026-0056;14.01.2026;Италия;UL-002;500;8;92,94;33162;40;
EXP-2026-0057;15.01.2026;Италия;UL-006;1000;9;92,82;67055;40;
EXP-2026-0058;15.01.2026;Сербия;UL-002;100;8;91,76;6168;25;
EXP-2026-0059;15.01.2026;Армения;UL-002;200;8;92,56;10177;14;
EXP-2026-0060;15.01.2026;Беларусь;UL-002;500;8;91,91;29028;7;
EXP-2026-0061;15.01.2026;ОАЭ;UL-005;100;5;91,42;5774;45;
EXP-2026-0062;15.01.2026;Армения;UL-004;100;6;92,68;4445;14;
EXP-2026-0063;16.01.2026;Армения;UL-002;100;8;93,41;5212;14;
EXP-2026-0064;16.01.2026;Сербия;UL-001;100;12;91,51;6189;25;
EXP-2026-0065;16.01.2026;Сербия;UL-007;500;20;92,73;28433;25;
EXP-2026-0066;16.01.2026;Беларусь;UL-006;100;9;92,07;6928;7;
EXP-2026-0067;16.01.2026;Италия;UL-002;500;8;92,49;34456;40;
EXP-2026-0068;17.01.2026;Армения;UL-004;100;6;93,24;4830;14;
EXP-2026-0069;17.01.2026;Казахстан;UL-002;100;8;93,03;4190;12;
EXP-2026-0070;17.01.2026;Италия;UL-002;200;8;91,67;11271;40;
EXP-2026-0071;17.01.2026;Беларусь;UL-004;100;6;92,69;6680;7;
EXP-2026-0072;18.01.2026;Беларусь;UL-005;100;5;92,82;3755;7;
EXP-2026-0073;18.01.2026;Италия;UL-001;200;12;91,7;12237;40;
EXP-2026-0074;18.01.2026;Казахстан;UL-001;200;12;93,48;13441;12;
EXP-2026-0075;19.01.2026;Германия;UL-001;500;12;93,4;15482;35;
EXP-2026-0076;19.01.2026;Италия;UL-005;100;5;92,55;3529;40;
EXP-2026-0077;19.01.2026;Казахстан;UL-002;100;8;91,3;5756;12;
EXP-2026-0078;20.01.2026;Казахстан;UL-003;100;32;92,59;5219;12;
EXP-2026-0079;20.01.2026;Сербия;UL-002;100;8;91,2;3066;25;
EXP-2026-0080;20.01.2026;Германия;UL-002;200;8;93,48;10131;35;
EXP-2026-0081;20.01.2026;ОАЭ;UL-005;500;5;91,9;31807;45;
EXP-2026-0082;20.01.2026;Армения;UL-002;200;8;92,94;12005;14;
EXP-2026-0083;21.01.2026;Беларусь;UL-001;500;12;92,5;27708;7;
EXP-2026-0084;21.01.2026;Сербия;UL-002;200;8;91,87;6720;25;
EXP-2026-0085;22.01.2026;Армения;UL-002;100;8;92,58;6787;14;
EXP-2026-0086;22.01.2026;Армения;UL-006;200;9;93,42;9048;14;
EXP-2026-0087;22.01.2026;Казахстан;UL-001;500;12;93,43;29744;12;
EXP-2026-0088;22.01.2026;Беларусь;UL-002;200;8;92,55;10518;7;
EXP-2026-0089;23.01.2026;ОАЭ;UL-002;200;8;91,1;6831;45;
EXP-2026-0090;23.01.2026;Армения;UL-006;500;9;91,57;18147;14;
EXP-2026-0091;23.01.2026;Казахстан;UL-003;100;32;92,89;6954;12;
EXP-2026-0092;23.01.2026;Сербия;UL-006;100;9;92,65;5510;25;
EXP-2026-0093;23.01.2026;Казахстан;UL-005;1000;5;92,61;35652;12;
EXP-2026-0094;23.01.2026;ОАЭ;UL-001;100;12;93,11;5831;45;
EXP-2026-0095;24.01.2026;Италия;UL-002;100;8;92,95;6092;40;
EXP-2026-0096;24.01.2026;Казахстан;UL-005;100;5;93,42;4508;12;
EXP-2026-0097;24.01.2026;Беларусь;UL-001;200;12;92,59;12586;7;
EXP-2026-0098;24.01.2026;ОАЭ;UL-005;500;5;91,83;31354;45;
EXP-2026-0099;24.01.2026;Германия;UL-004;1000;6;92,76;30224;35;
EXP-2026-0100;25.01.2026;Италия;UL-003;100;32;92,59;4440;40;
EXP-2026-0101;25.01.2026;Армения;UL-005;100;5;91,95;6685;14;
EXP-2026-0102;25.01.2026;Германия;UL-007;100;20;92,57;5309;35;
EXP-2026-0103;25.01.2026;ОАЭ;UL-006;1000;9;92,67;33833;45;
EXP-2026-0104;26.01.2026;Армения;UL-001;200;12;91,8;12366;14;
EXP-2026-0105;26.01.2026;Италия;UL-001;1000;12;91,43;52809;40;
EXP-2026-0106;26.01.2026;ОАЭ;UL-005;200;5;93,19;7580;45;
EXP-2026-0107;26.01.2026;Беларусь;UL-001;200;12;92,88;8770;7;
EXP-2026-0108;26.01.2026;Казахстан;UL-001;200;12;93,31;12980;12;
EXP-2026-0109;26.01.2026;Беларусь;UL-002;200;8;92,35;12637;7;
EXP-2026-0110;26.01.2026;Армения;UL-005;100;5;92,04;4025;14;
EXP-2026-0111;27.01.2026;Сербия;UL-003;100;32;91,51;5060;25;
EXP-2026-0112;27.01.2026;ОАЭ;UL-001;100;12;92,73;3964;45;
EXP-2026-0113;27.01.2026;Беларусь;UL-001;100;12;91,09;3412;7;
EXP-2026-0114;27.01.2026;Сербия;UL-001;200;12;93,17;6222;25;
EXP-2026-0115;27.01.2026;Казахстан;UL-002;100;8;93,48;5739;12;
EXP-2026-0116;27.01.2026;Казахстан;UL-002;500;8;93,24;22359;12;
EXP-2026-0117;27.01.2026;Сербия;UL-002;1000;8;91,22;62835;25;
EXP-2026-0118;28.01.2026;Сербия;UL-006;500;9;92,56;33185;25;
EXP-2026-0119;28.01.2026;Армения;UL-005;100;5;93,31;5120;14;
EXP-2026-0120;28.01.2026;Германия;UL-001;100;12;92,38;6628;35;
EXP-2026-0121;28.01.2026;ОАЭ;UL-002;500;8;92,51;29146;45;
EXP-2026-0122;28.01.2026;Сербия;UL-004;100;6;91,44;3964;25;
EXP-2026-0123;28.01.2026;Казахстан;UL-002;100;8;91,57;5463;12;
EXP-2026-0124;29.01.2026;Беларусь;UL-007;500;20;91,87;33111;7;
EXP-2026-0125;29.01.2026;Армения;UL-001;100;12;92,51;5779;14;
EXP-2026-0126;30.01.2026;Италия;UL-005;200;5;92,96;8896;40;
EXP-2026-0127;31.01.2026;ОАЭ;UL-004;100;6;92,22;3279;45;
EXP-2026-0128;31.01.2026;Беларусь;UL-006;200;9;92,68;10435;7;
EXP-2026-0129;31.01.2026;Казахстан;UL-007;500;20;92,8;19439;12;
EXP-2026-0130;31.01.2026;Германия;UL-002;200;8;91,72;13180;35;
EXP-2026-0131;01.02.2026;Армения;UL-001;200;12;91,77;9446;14;
EXP-2026-0132;01.02.2026;Беларусь;UL-001;500;12;92,82;29211;7;
EXP-2026-0133;01.02.2026;Казахстан;UL-005;500;5;93,31;17545;12;
EXP-2026-0134;01.02.2026;Беларусь;UL-006;100;9;92,05;4325;7;
EXP-2026-0135;01.02.2026;Беларусь;UL-005;1000;5;91,87;64985;7;
EXP-2026-0136;02.02.2026;Казахстан;UL-001;100;12;92,7;6239;12;
EXP-2026-0137;02.02.2026;Армения;UL-001;200;12;92,71;10425;14;
EXP-2026-0138;02.02.2026;ОАЭ;UL-005;500;5;93,08;26417;45;
EXP-2026-0139;02.02.2026;Казахстан;UL-002;1000;8;91,02;63939;12;
EXP-2026-0140;02.02.2026;ОАЭ;UL-001;100;12;92,08;5840;45;
EXP-2026-0141;03.02.2026;ОАЭ;UL-005;200;5;93,49;13907;45;
EXP-2026-0142;03.02.2026;Италия;UL-001;200;12;91,86;10666;40;
EXP-2026-0143;03.02.2026;Италия;UL-001;1000;12;91,94;59852;40;
EXP-2026-0144;03.02.2026;Германия;UL-003;100;32;92,65;3469;35;
EXP-2026-0145;03.02.2026;Беларусь;UL-003;100;32;91,56;4191;7;
EXP-2026-0146;03.02.2026;Казахстан;UL-007;100;20;92,88;4352;12;
EXP-2026-0147;03.02.2026;Германия;UL-002;100;8;92,85;3617;35;
EXP-2026-0148;04.02.2026;Казахстан;UL-004;100;6;93,24;5567;12;
EXP-2026-0149;04.02.2026;Сербия;UL-006;200;9;92,65;12329;25;
EXP-2026-0150;04.02.2026;Казахстан;UL-005;100;5;91,22;4771;12;
EXP-2026-0151;04.02.2026;ОАЭ;UL-007;500;20;93,11;30486;45;
EXP-2026-0152;05.02.2026;Армения;UL-001;200;12;92,1;13924;14;
EXP-2026-0153;05.02.2026;ОАЭ;UL-003;200;32;92,3;9723;45;
EXP-2026-0154;05.02.2026;Армения;UL-007;100;20;93,46;6353;14;
EXP-2026-0155;05.02.2026;Сербия;UL-002;500;8;91,16;15937;25;
EXP-2026-0156;05.02.2026;Беларусь;UL-002;500;8;91,14;30664;7;
EXP-2026-0157;06.02.2026;Беларусь;UL-006;500;9;91,06;15269;7;
EXP-2026-0158;06.02.2026;Сербия;UL-004;100;6;91,57;5089;25;
EXP-2026-0159;07.02.2026;ОАЭ;UL-004;500;6;92,82;20205;45;
EXP-2026-0160;07.02.2026;Казахстан;UL-007;500;20;92,55;30712;12;
EXP-2026-0161;07.02.2026;Германия;UL-001;200;12;93,02;6100;35;
EXP-2026-0162;07.02.2026;Беларусь;UL-003;1000;32;92,13;48295;7;
EXP-2026-0163;07.02.2026;ОАЭ;UL-002;100;8;92,89;4457;45;
EXP-2026-0164;08.02.2026;Италия;UL-006;200;9;92,69;6793;40;
EXP-2026-0165;08.02.2026;Сербия;UL-004;200;6;91,87;12309;25;
EXP-2026-0166;08.02.2026;Казахстан;UL-005;500;5;92,88;19451;12;
EXP-2026-0167;08.02.2026;Италия;UL-007;200;20;92,54;6910;40;
EXP-2026-0168;09.02.2026;ОАЭ;UL-005;100;5;93,42;3981;45;
EXP-2026-0169;09.02.2026;Армения;UL-001;200;12;92,62;9661;14;
EXP-2026-0170;09.02.2026;Армения;UL-002;500;8;93,02;17709;14;
EXP-2026-0171;09.02.2026;Германия;UL-005;500;5;93,18;23007;35;
EXP-2026-0172;09.02.2026;Италия;UL-001;200;12;91,13;7804;40;
EXP-2026-0173;09.02.2026;Казахстан;UL-007;100;20;91,75;5228;12;
EXP-2026-0174;10.02.2026;Германия;UL-004;200;6;91,17;7020;35;
EXP-2026-0175;10.02.2026;Армения;UL-005;100;5;92,79;3937;14;
EXP-2026-0176;10.02.2026;Сербия;UL-001;1000;12;91,78;63360;25;
EXP-2026-0177;10.02.2026;Армения;UL-001;200;12;91,74;7923;14;
EXP-2026-0178;10.02.2026;ОАЭ;UL-005;500;5;92,17;33994;45;
EXP-2026-0179;10.02.2026;Армения;UL-002;100;8;93,28;5930;14;
EXP-2026-0180;11.02.2026;Армения;UL-006;200;9;92,2;7012;14;
EXP-2026-0181;11.02.2026;Беларусь;UL-006;1000;9;93,11;35157;7;
EXP-2026-0182;11.02.2026;Сербия;UL-004;100;6;91,63;4847;25;
EXP-2026-0183;11.02.2026;Казахстан;UL-004;200;6;91,32;11620;12;
EXP-2026-0184;12.02.2026;Сербия;UL-006;200;9;91,52;6407;25;
EXP-2026-0185;12.02.2026;Казахстан;UL-001;100;12;91,23;6236;12;
EXP-2026-0186;12.02.2026;Сербия;UL-005;100;5;91,4;3958;25;
EXP-2026-0187;12.02.2026;Германия;UL-001;200;12;92,62;7466;35;
EXP-2026-0188;12.02.2026;Италия;UL-005;100;5;93,17;6922;40;
EXP-2026-0189;12.02.2026;Казахстан;UL-001;200;12;92,17;12771;12;
EXP-2026-0190;12.02.2026;Италия;UL-004;1000;6;93,18;45027;40;
EXP-2026-0191;13.02.2026;Германия;UL-001;200;12;92,99;9003;35;
EXP-2026-0192;13.02.2026;Германия;UL-002;100;8;92,11;6110;35;
EXP-2026-0193;14.02.2026;ОАЭ;UL-006;100;9;91,72;3069;45;
EXP-2026-0194;14.02.2026;Армения;UL-001;500;12;92,62;16455;14;
EXP-2026-0195;15.02.2026;Армения;UL-004;1000;6;93,32;59868;14;
EXP-2026-0196;15.02.2026;ОАЭ;UL-001;1000;12;92,24;62835;45;
EXP-2026-0197;15.02.2026;Германия;UL-004;200;6;91,68;9505;35;
EXP-2026-0198;15.02.2026;Сербия;UL-006;100;9;92,18;4344;25;
EXP-2026-0199;16.02.2026;Беларусь;UL-007;500;20;92,55;18033;7;
EXP-2026-0200;16.02.2026;Сербия;UL-007;500;20;91,27;19722;25;
EXP-2026-0201;16.02.2026;Армения;UL-002;200;8;92,15;9706;14;
EXP-2026-0202;16.02.2026;Армения;UL-002;100;8;92,73;4203;14;
EXP-2026-0203;16.02.2026;Италия;UL-002;200;8;91,98;11009;40;
EXP-2026-0204;16.02.2026;Германия;UL-001;100;12;91,95;6594;35;
EXP-2026-0205;17.02.2026;Сербия;UL-005;200;5;93,25;9242;25;
EXP-2026-0206;17.02.2026;Италия;UL-004;500;6;92,06;27278;40;
EXP-2026-0207;18.02.2026;Германия;UL-006;100;9;93,16;5883;35;
EXP-2026-0208;18.02.2026;Сербия;UL-003;100;32;93,32;5394;25;
EXP-2026-0209;18.02.2026;Сербия;UL-006;100;9;91,45;4824;25;
EXP-2026-0210;18.02.2026;Армения;UL-001;1000;12;91,71;49368;14;
EXP-2026-0211;18.02.2026;Германия;UL-001;200;12;93,4;6447;35;
EXP-2026-0212;18.02.2026;Беларусь;UL-001;200;12;92,64;9563;7;
EXP-2026-0213;18.02.2026;ОАЭ;UL-001;100;12;91,75;6963;45;
EXP-2026-0214;18.02.2026;Беларусь;UL-006;500;9;91,89;31176;7;
EXP-2026-0215;19.02.2026;Италия;UL-001;100;12;92,78;6277;40;
EXP-2026-0216;19.02.2026;Армения;UL-004;500;6;92,07;27473;14;
EXP-2026-0217;19.02.2026;Беларусь;UL-001;1000;12;92,24;49234;7;
EXP-2026-0218;20.02.2026;ОАЭ;UL-001;100;12;93,15;3474;45;
EXP-2026-0219;20.02.2026;Казахстан;UL-002;500;8;93,02;22655;12;
EXP-2026-0220;20.02.2026;Армения;UL-004;200;6;91,9;6838;14;
EXP-2026-0221;21.02.2026;Беларусь;UL-001;200;12;92,54;10020;7;
EXP-2026-0222;21.02.2026;Казахстан;UL-001;500;12;93,31;18173;12;
EXP-2026-0223;21.02.2026;Беларусь;UL-004;200;6;91,44;10209;7;
EXP-2026-0224;21.02.2026;Сербия;UL-002;100;8;92,92;4944;25;
EXP-2026-0225;21.02.2026;ОАЭ;UL-002;100;8;93,08;6931;45;
EXP-2026-0226;22.02.2026;ОАЭ;UL-004;1000;6;92,78;61630;45;
EXP-2026-0227;22.02.2026;Беларусь;UL-005;200;5;91,19;11719;7;
EXP-2026-0228;22.02.2026;Италия;UL-003;100;32;93,26;5444;40;
EXP-2026-0229;22.02.2026;Сербия;UL-004;200;6;92;6314;25;
EXP-2026-0230;22.02.2026;Армения;UL-002;100;8;93,22;5447;14;
EXP-2026-0231;22.02.2026;Беларусь;UL-004;500;6;92,65;27557;7;
EXP-2026-0232;22.02.2026;Беларусь;UL-004;100;6;91,59;3106;7;
EXP-2026-0233;23.02.2026;ОАЭ;UL-004;500;6;92,95;26569;45;
EXP-2026-0234;23.02.2026;ОАЭ;UL-006;1000;9;92,62;47556;45;
EXP-2026-0235;24.02.2026;ОАЭ;UL-004;100;6;93,14;4024;45;
EXP-2026-0236;24.02.2026;Армения;UL-005;100;5;91,17;5435;14;
EXP-2026-0237;24.02.2026;Сербия;UL-001;100;12;91,28;4275;25;
EXP-2026-0238;24.02.2026;Германия;UL-006;200;9;93;6797;35;
EXP-2026-0239;24.02.2026;Казахстан;UL-005;100;5;93,26;3514;12;
EXP-2026-0240;24.02.2026;Армения;UL-006;100;9;93,32;3015;14;
EXP-2026-0241;24.02.2026;Сербия;UL-005;500;5;92,96;31037;25;
EXP-2026-0242;25.02.2026;Германия;UL-002;200;8;91,98;12904;35;
EXP-2026-0243;25.02.2026;ОАЭ;UL-003;200;32;92,25;9287;45;
EXP-2026-0244;25.02.2026;Италия;UL-001;200;12;91,05;9098;40;
EXP-2026-0245;25.02.2026;ОАЭ;UL-004;500;6;91,39;18839;45;
EXP-2026-0246;25.02.2026;Армения;UL-005;200;5;91,75;10030;14;
EXP-2026-0247;25.02.2026;Сербия;UL-002;100;8;93,34;3301;25;
EXP-2026-0248;25.02.2026;Сербия;UL-005;500;5;91,36;32007;25;
EXP-2026-0249;26.02.2026;Беларусь;UL-006;100;9;92,03;5782;7;
EXP-2026-0250;26.02.2026;Сербия;UL-002;100;8;91,35;4491;25;
EXP-2026-0251;26.02.2026;Беларусь;UL-002;200;8;91,22;11637;7;
EXP-2026-0252;27.02.2026;Армения;UL-004;100;6;93,37;3119;14;
EXP-2026-0253;27.02.2026;Армения;UL-001;100;12;93,49;6867;14;
EXP-2026-0254;27.02.2026;ОАЭ;UL-006;200;9;91,23;9496;45;
EXP-2026-0255;27.02.2026;ОАЭ;UL-004;100;6;91,16;4522;45;
EXP-2026-0256;27.02.2026;Италия;UL-002;500;8;91,66;23974;40;
EXP-2026-0257;27.02.2026;Казахстан;UL-001;200;12;91,05;11394;12;
EXP-2026-0258;28.02.2026;Италия;UL-004;100;6;92,75;5621;40;
EXP-2026-0259;28.02.2026;Казахстан;UL-005;200;5;92,89;7132;12;
EXP-2026-0260;28.02.2026;Казахстан;UL-002;200;8;92,63;13380;12;
EXP-2026-0261;28.02.2026;Германия;UL-007;100;20;92,8;6053;35;
EXP-2026-0262;28.02.2026;Армения;UL-005;100;5;92,47;5876;14;
EXP-2026-0263;28.02.2026;Сербия;UL-001;500;12;92,85;28554;25;
EXP-2026-0264;28.02.2026;ОАЭ;UL-005;200;5;93,48;12984;45;
EXP-2026-0265;01.03.2026;Беларусь;UL-007;100;20;92,06;5721;7;
EXP-2026-0266;01.03.2026;Германия;UL-002;200;8;93,43;11963;35;
EXP-2026-0267;01.03.2026;Беларусь;UL-004;200;6;92,29;11328;7;
EXP-2026-0268;01.03.2026;Беларусь;UL-003;500;32;91,55;24831;7;
EXP-2026-0269;02.03.2026;Беларусь;UL-001;100;12;91,15;5077;7;
EXP-2026-0270;02.03.2026;ОАЭ;UL-007;1000;20;91,54;32854;45;
EXP-2026-0271;03.03.2026;Германия;UL-001;100;12;93;6489;35;
EXP-2026-0272;03.03.2026;ОАЭ;UL-001;1000;12;91,59;50033;45;
EXP-2026-0273;03.03.2026;Сербия;UL-007;200;20;93,5;12506;25;
EXP-2026-0274;03.03.2026;Сербия;UL-004;100;6;92,31;5735;25;
EXP-2026-0275;03.03.2026;Беларусь;UL-005;500;5;91,19;19597;7;
EXP-2026-0276;04.03.2026;Италия;UL-001;100;12;92,93;3446;40;
EXP-2026-0277;04.03.2026;ОАЭ;UL-003;200;32;93,5;10572;45;
EXP-2026-0278;04.03.2026;Армения;UL-001;100;12;93,23;5456;14;
EXP-2026-0279;04.03.2026;Италия;UL-005;200;5;92,66;6662;40;
EXP-2026-0280;05.03.2026;Сербия;UL-002;100;8;92,53;4166;25;
EXP-2026-0281;05.03.2026;Германия;UL-001;100;12;92,22;3571;35;
EXP-2026-0282;05.03.2026;Германия;UL-005;100;5;91,9;4551;35;
EXP-2026-0283;05.03.2026;Италия;UL-002;1000;8;92,57;60221;40;
EXP-2026-0284;05.03.2026;ОАЭ;UL-006;200;9;92,56;8190;45;
EXP-2026-0285;05.03.2026;Италия;UL-004;1000;6;93,31;52831;40;
EXP-2026-0286;06.03.2026;Италия;UL-002;100;8;91,4;4124;40;
EXP-2026-0287;06.03.2026;Армения;UL-004;100;6;92,26;5463;14;
EXP-2026-0288;06.03.2026;Беларусь;UL-006;100;9;91,28;6974;7;
EXP-2026-0289;06.03.2026;Сербия;UL-001;500;12;91,35;18552;25;
EXP-2026-0290;06.03.2026;Германия;UL-001;100;12;92,17;3289;35;
EXP-2026-0291;06.03.2026;ОАЭ;UL-007;100;20;91,01;6348;45;
EXP-2026-0292;06.03.2026;Италия;UL-001;100;12;92,36;3026;40;
EXP-2026-0293;06.03.2026;Сербия;UL-007;1000;20;92,82;44611;25;
EXP-2026-0294;06.03.2026;Сербия;UL-002;500;8;91,05;16821;25;
EXP-2026-0295;07.03.2026;Беларусь;UL-001;100;12;92,38;4017;7;
EXP-2026-0296;08.03.2026;ОАЭ;UL-002;200;8;91,82;13823;45;
EXP-2026-0297;08.03.2026;Сербия;UL-004;500;6;93,22;26031;25;
EXP-2026-0298;08.03.2026;Казахстан;UL-005;100;5;91,43;6255;12;
EXP-2026-0299;08.03.2026;Германия;UL-005;200;5;91,61;11525;35;
EXP-2026-0300;09.03.2026;Германия;UL-007;100;20;91;3654;35;
EXP-2026-0301;09.03.2026;Германия;UL-001;100;12;91,14;3033;35;
EXP-2026-0302;09.03.2026;Армения;UL-001;1000;12;91,13;58136;14;
EXP-2026-0303;09.03.2026;Сербия;UL-002;200;8;92,94;6478;25;
EXP-2026-0304;09.03.2026;Германия;UL-005;200;5;91,17;8633;35;
EXP-2026-0305;09.03.2026;Сербия;UL-003;200;32;92,31;12514;25;
EXP-2026-0306;09.03.2026;Беларусь;UL-003;200;32;91,71;8080;7;
EXP-2026-0307;09.03.2026;Сербия;UL-004;1000;6;93,27;53577;25;
EXP-2026-0308;09.03.2026;Италия;UL-005;200;5;91,36;13087;40;
EXP-2026-0309;10.03.2026;Германия;UL-001;100;12;92;5914;35;
EXP-2026-0310;10.03.2026;Италия;UL-002;100;8;93,27;4824;40;
EXP-2026-0311;10.03.2026;Сербия;UL-001;200;12;93,14;9916;25;
EXP-2026-0312;10.03.2026;ОАЭ;UL-001;100;12;92,38;5611;45;
EXP-2026-0313;11.03.2026;Казахстан;UL-007;200;20;93,49;10180;12;
EXP-2026-0314;11.03.2026;ОАЭ;UL-001;200;12;93,42;8724;45;
EXP-2026-0315;11.03.2026;Германия;UL-005;200;5;91,5;12320;35;
EXP-2026-0316;12.03.2026;Италия;UL-002;200;8;92,25;13419;40;
EXP-2026-0317;12.03.2026;Армения;UL-005;100;5;91;6934;14;
EXP-2026-0318;13.03.2026;ОАЭ;UL-001;100;12;92,94;4555;45;
EXP-2026-0319;14.03.2026;ОАЭ;UL-005;200;5;93,22;8693;45;
EXP-2026-0320;14.03.2026;Италия;UL-001;500;12;93,47;17281;40;
EXP-2026-0321;14.03.2026;Германия;UL-006;500;9;91,15;16135;35;
EXP-2026-0322;15.03.2026;Беларусь;UL-001;200;12;91,14;9084;7;
EXP-2026-0323;15.03.2026;Беларусь;UL-002;100;8;92,02;5104;7;
EXP-2026-0324;15.03.2026;Беларусь;UL-006;200;9;92,97;8902;7;
EXP-2026-0325;15.03.2026;Беларусь;UL-002;100;8;92,18;3079;7;
EXP-2026-0326;15.03.2026;Казахстан;UL-002;200;8;91,69;8628;12;
EXP-2026-0327;16.03.2026;ОАЭ;UL-005;100;5;91,88;4645;45;
EXP-2026-0328;16.03.2026;ОАЭ;UL-005;500;5;92,79;23529;45;
EXP-2026-0329;16.03.2026;ОАЭ;UL-006;100;9;92,45;6288;45;
EXP-2026-0330;16.03.2026;Италия;UL-001;500;12;92,89;23878;40;
EXP-2026-0331;16.03.2026;Италия;UL-002;1000;8;91,65;57515;40;
EXP-2026-0332;17.03.2026;Сербия;UL-007;100;20;93,04;3174;25;
EXP-2026-0333;17.03.2026;Германия;UL-001;1000;12;93,35;42663;35;
EXP-2026-0334;17.03.2026;Казахстан;UL-007;200;20;91,87;13905;12;
EXP-2026-0335;17.03.2026;Сербия;UL-002;500;8;92,72;23214;25;
EXP-2026-0336;17.03.2026;Германия;UL-006;1000;9;91,55;30492;35;
EXP-2026-0337;17.03.2026;Казахстан;UL-001;500;12;91,86;18825;12;
EXP-2026-0338;17.03.2026;ОАЭ;UL-006;200;9;91,56;12060;45;
EXP-2026-0339;17.03.2026;Армения;UL-002;100;8;92,62;6323;14;
EXP-2026-0340;18.03.2026;Сербия;UL-002;100;8;91,56;3914;25;
EXP-2026-0341;18.03.2026;Казахстан;UL-005;200;5;93,06;13956;12;
EXP-2026-0342;18.03.2026;Италия;UL-001;100;12;93,14;4123;40;
EXP-2026-0343;18.03.2026;Казахстан;UL-001;200;12;91,64;6100;12;
EXP-2026-0344;18.03.2026;Италия;UL-007;200;20;91,81;9925;40;
EXP-2026-0345;18.03.2026;Сербия;UL-001;500;12;92,01;27221;25;
EXP-2026-0346;18.03.2026;Сербия;UL-001;1000;12;92,37;32259;25;
EXP-2026-0347;20.03.2026;ОАЭ;UL-006;500;9;91,38;23551;45;
EXP-2026-0348;20.03.2026;Германия;UL-001;1000;12;91,88;51324;35;
EXP-2026-0349;20.03.2026;Казахстан;UL-001;200;12;92,63;13745;12;
EXP-2026-0350;20.03.2026;Сербия;UL-007;1000;20;92,44;42408;25;
EXP-2026-0351;20.03.2026;Италия;UL-005;200;5;92,03;7223;40;
EXP-2026-0352;20.03.2026;Казахстан;UL-003;200;32;91,93;6299;12;
EXP-2026-0353;20.03.2026;Армения;UL-004;200;6;92,47;6132;14;
EXP-2026-0354;20.03.2026;Италия;UL-005;100;5;92,52;4661;40;
EXP-2026-0355;20.03.2026;Казахстан;UL-001;500;12;92,91;20022;12;
EXP-2026-0356;20.03.2026;Казахстан;UL-002;200;8;91,54;10710;12;
EXP-2026-0357;21.03.2026;Армения;UL-002;200;8;93,11;9111;14;
EXP-2026-0358;21.03.2026;Италия;UL-001;100;12;92,01;3474;40;
EXP-2026-0359;21.03.2026;Италия;UL-007;200;20;92,7;9520;40;
EXP-2026-0360;21.03.2026;Германия;UL-005;500;5;92,89;32614;35;
EXP-2026-0361;21.03.2026;Италия;UL-005;500;5;91,74;18898;40;
EXP-2026-0362;21.03.2026;Армения;UL-002;100;8;92,17;4925;14;
EXP-2026-0363;22.03.2026;Беларусь;UL-007;100;20;92,01;4175;7;
EXP-2026-0364;22.03.2026;Казахстан;UL-001;100;12;92,89;6088;12;
EXP-2026-0365;22.03.2026;Беларусь;UL-006;1000;9;91,24;53832;7;
EXP-2026-0366;22.03.2026;Сербия;UL-002;100;8;91,04;5721;25;
EXP-2026-0367;22.03.2026;Сербия;UL-001;1000;12;91,5;47289;25;
EXP-2026-0368;23.03.2026;Беларусь;UL-001;100;12;91,36;3123;7;
EXP-2026-0369;23.03.2026;ОАЭ;UL-001;100;12;92,06;5834;45;
EXP-2026-0370;24.03.2026;Армения;UL-001;1000;12;91,22;60759;14;
EXP-2026-0371;24.03.2026;Сербия;UL-002;200;8;91,75;7223;25;
EXP-2026-0372;24.03.2026;Сербия;UL-001;200;12;92,45;9385;25;
EXP-2026-0373;24.03.2026;Казахстан;UL-005;1000;5;91,23;40971;12;
EXP-2026-0374;24.03.2026;Сербия;UL-001;100;12;91,54;6400;25;
EXP-2026-0375;24.03.2026;Армения;UL-001;100;12;91,54;3402;14;
EXP-2026-0376;24.03.2026;Сербия;UL-001;200;12;91,96;12181;25;
EXP-2026-0377;25.03.2026;Казахстан;UL-002;100;8;92,65;6141;12;
EXP-2026-0378;26.03.2026;Сербия;UL-001;100;12;93,06;4296;25;
EXP-2026-0379;26.03.2026;Германия;UL-004;100;6;93,36;4130;35;
EXP-2026-0380;26.03.2026;Беларусь;UL-006;100;9;92,81;4319;7;
EXP-2026-0381;26.03.2026;Сербия;UL-002;1000;8;92,82;53957;25;
EXP-2026-0382;26.03.2026;Италия;UL-005;200;5;92,94;11323;40;
EXP-2026-0383;27.03.2026;Германия;UL-004;100;6;93,19;4056;35;
EXP-2026-0384;27.03.2026;Германия;UL-001;100;12;92,28;6518;35;
EXP-2026-0385;27.03.2026;Армения;UL-005;100;5;93,4;5475;14;
EXP-2026-0386;27.03.2026;Германия;UL-001;100;12;91,23;4012;35;
EXP-2026-0387;28.03.2026;Сербия;UL-004;500;6;92;20072;25;
EXP-2026-0388;28.03.2026;Армения;UL-005;100;5;91,15;4074;14;
EXP-2026-0389;28.03.2026;Германия;UL-003;1000;32;91,18;38963;35;
EXP-2026-0390;28.03.2026;Италия;UL-006;100;9;92,66;3691;40;
EXP-2026-0391;28.03.2026;Беларусь;UL-005;200;5;92,7;11307;7;
EXP-2026-0392;29.03.2026;Сербия;UL-002;100;8;92,41;4500;25;
EXP-2026-0393;29.03.2026;Германия;UL-007;100;20;93,29;6818;35;
EXP-2026-0394;30.03.2026;Германия;UL-002;500;8;92,1;22804;35;
EXP-2026-0395;01.04.2026;Сербия;UL-001;100;12;92,29;4291;25;
EXP-2026-0396;01.04.2026;Армения;UL-001;200;12;92,32;7646;14;
EXP-2026-0397;01.04.2026;Германия;UL-005;500;5;91,02;28787;35;
EXP-2026-0398;01.04.2026;Казахстан;UL-005;100;5;91,2;4315;12;
EXP-2026-0399;01.04.2026;Беларусь;UL-001;100;12;92,42;5098;7;
EXP-2026-0400;01.04.2026;Германия;UL-003;100;32;93,21;3783;35;
EXP-2026-0401;02.04.2026;Сербия;UL-006;100;9;92,12;3343;25;
EXP-2026-0402;02.04.2026;Сербия;UL-003;100;32;92,18;5110;25;
EXP-2026-0403;02.04.2026;Германия;UL-002;500;8;91,21;28488;35;
EXP-2026-0404;02.04.2026;Италия;UL-004;100;6;91,76;5219;40;
EXP-2026-0405;02.04.2026;Германия;UL-002;100;8;91,41;6227;35;
EXP-2026-0406;02.04.2026;Италия;UL-002;200;8;92,18;13947;40;
EXP-2026-0407;02.04.2026;Казахстан;UL-005;500;5;91,64;30995;12;
EXP-2026-0408;03.04.2026;Казахстан;UL-007;200;20;93,14;8001;12;
EXP-2026-0409;03.04.2026;Италия;UL-002;100;8;92,84;4384;40;
EXP-2026-0410;03.04.2026;Италия;UL-001;100;12;91,06;3614;40;
EXP-2026-0411;03.04.2026;Армения;UL-001;100;12;91,43;3867;14;
EXP-2026-0412;03.04.2026;ОАЭ;UL-005;500;5;91,62;21805;45;
EXP-2026-0413;04.04.2026;Армения;UL-001;500;12;92,28;25699;14;
EXP-2026-0414;04.04.2026;Казахстан;UL-006;200;9;92,78;11261;12;
EXP-2026-0415;05.04.2026;ОАЭ;UL-004;100;6;91,88;3665;45;
EXP-2026-0416;05.04.2026;Германия;UL-004;100;6;91,93;5671;35;
EXP-2026-0417;05.04.2026;Казахстан;UL-003;100;32;91,34;3389;12;
EXP-2026-0418;05.04.2026;Италия;UL-006;200;9;92,09;7153;40;
EXP-2026-0419;06.04.2026;Казахстан;UL-004;200;6;92,19;11683;12;
EXP-2026-0420;06.04.2026;ОАЭ;UL-001;200;12;92,54;10967;45;
EXP-2026-0421;07.04.2026;Италия;UL-002;100;8;91,48;6527;40;
EXP-2026-0422;07.04.2026;Сербия;UL-002;500;8;91,72;20993;25;
EXP-2026-0423;07.04.2026;Германия;UL-007;500;20;91,27;18542;35;
EXP-2026-0424;07.04.2026;Казахстан;UL-002;1000;8;93,13;68989;12;
EXP-2026-0425;07.04.2026;Казахстан;UL-002;200;8;92,65;8080;12;
EXP-2026-0426;07.04.2026;Италия;UL-004;100;6;92,69;3127;40;
EXP-2026-0427;07.04.2026;Германия;UL-003;100;32;92,95;3363;35;
EXP-2026-0428;07.04.2026;Казахстан;UL-001;500;12;91,11;15574;12;
EXP-2026-0429;08.04.2026;Армения;UL-007;500;20;91,74;26093;14;
EXP-2026-0430;08.04.2026;Сербия;UL-002;500;8;93,13;29641;25;
EXP-2026-0431;08.04.2026;Беларусь;UL-006;500;9;91,92;32750;7;
EXP-2026-0432;08.04.2026;ОАЭ;UL-001;1000;12;91,73;54257;45;
EXP-2026-0433;09.04.2026;Италия;UL-003;200;32;92,84;6134;40;
EXP-2026-0434;10.04.2026;ОАЭ;UL-002;1000;8;91,9;45744;45;
EXP-2026-0435;10.04.2026;Армения;UL-004;1000;6;92,48;45639;14;
EXP-2026-0436;10.04.2026;Германия;UL-006;200;9;93,02;10299;35;
EXP-2026-0437;10.04.2026;Италия;UL-005;500;5;91,62;23399;40;
EXP-2026-0438;10.04.2026;Германия;UL-003;200;32;91,44;11946;35;
EXP-2026-0439;11.04.2026;Германия;UL-001;100;12;92,54;6016;35;
EXP-2026-0440;11.04.2026;Казахстан;UL-005;100;5;92,91;6642;12;
EXP-2026-0441;12.04.2026;Италия;UL-004;100;6;91,67;4906;40;
EXP-2026-0442;12.04.2026;Германия;UL-005;200;5;92,63;8274;35;
EXP-2026-0443;12.04.2026;Казахстан;UL-005;500;5;93,01;15857;12;
EXP-2026-0444;12.04.2026;Сербия;UL-001;1000;12;91,68;47996;25;
EXP-2026-0445;12.04.2026;Сербия;UL-001;200;12;91,73;12334;25;
EXP-2026-0446;13.04.2026;Германия;UL-004;100;6;92,43;6975;35;
EXP-2026-0447;13.04.2026;Германия;UL-001;100;12;91,98;4951;35;
EXP-2026-0448;13.04.2026;Германия;UL-003;200;32;92,03;10392;35;
EXP-2026-0449;13.04.2026;Германия;UL-001;200;12;91,35;11364;35;
EXP-2026-0450;13.04.2026;ОАЭ;UL-001;1000;12;92,26;48753;45;
EXP-2026-0451;13.04.2026;Казахстан;UL-006;1000;9;92,27;30056;12;
EXP-2026-0452;13.04.2026;Германия;UL-004;1000;6;92,56;35313;35;
EXP-2026-0453;14.04.2026;Беларусь;UL-001;500;12;91,05;31499;7;
EXP-2026-0454;14.04.2026;Армения;UL-004;200;6;92,15;8606;14;
EXP-2026-0455;14.04.2026;Германия;UL-001;200;12;92,7;11210;35;
EXP-2026-0456;14.04.2026;Германия;UL-005;500;5;91,01;21967;35;
EXP-2026-0457;15.04.2026;Казахстан;UL-002;100;8;92,46;4978;12;
EXP-2026-0458;15.04.2026;Италия;UL-001;500;12;91,46;24803;40;
EXP-2026-0459;15.04.2026;Германия;UL-004;500;6;93,17;24483;35;
EXP-2026-0460;16.04.2026;Беларусь;UL-002;200;8;91,75;7258;7;
EXP-2026-0461;16.04.2026;Беларусь;UL-006;500;9;91,07;22097;7;
EXP-2026-0462;16.04.2026;ОАЭ;UL-003;200;32;91,62;11247;45;
EXP-2026-0463;16.04.2026;ОАЭ;UL-006;100;9;91,93;5892;45;
EXP-2026-0464;16.04.2026;Казахстан;UL-007;200;20;93,05;13414;12;
EXP-2026-0465;17.04.2026;Беларусь;UL-006;100;9;91,65;6145;7;
EXP-2026-0466;17.04.2026;Германия;UL-004;200;6;93,09;6783;35;
EXP-2026-0467;17.04.2026;Казахстан;UL-002;100;8;92,82;5100;12;
EXP-2026-0468;17.04.2026;Италия;UL-002;100;8;91,3;5307;40;
EXP-2026-0469;18.04.2026;Казахстан;UL-003;500;32;91,84;31474;12;
EXP-2026-0470;18.04.2026;Германия;UL-005;500;5;92,56;25160;35;
EXP-2026-0471;18.04.2026;ОАЭ;UL-007;100;20;92,22;5648;45;
EXP-2026-0472;18.04.2026;Казахстан;UL-006;200;9;93,02;6600;12;
EXP-2026-0473;18.04.2026;Германия;UL-001;500;12;92,57;17586;35;
EXP-2026-0474;19.04.2026;Беларусь;UL-004;1000;6;92,01;38292;7;
EXP-2026-0475;19.04.2026;Армения;UL-004;200;6;91,63;10931;14;
EXP-2026-0476;19.04.2026;Германия;UL-002;100;8;92,99;3221;35;
EXP-2026-0477;19.04.2026;Армения;UL-006;200;9;92,59;11461;14;
EXP-2026-0478;19.04.2026;Германия;UL-004;200;6;91,46;6551;35;
EXP-2026-0479;20.04.2026;Беларусь;UL-005;500;5;91,34;15032;7;
EXP-2026-0480;20.04.2026;Беларусь;UL-005;500;5;92,46;26725;7;
EXP-2026-0481;20.04.2026;Беларусь;UL-002;500;8;92,06;21317;7;
EXP-2026-0482;20.04.2026;ОАЭ;UL-001;200;12;92,49;9261;45;
EXP-2026-0483;21.04.2026;Беларусь;UL-005;200;5;92,25;7453;7;
EXP-2026-0484;21.04.2026;Германия;UL-006;500;9;91,5;21225;35;
EXP-2026-0485;21.04.2026;Казахстан;UL-005;100;5;93,14;3667;12;
EXP-2026-0486;21.04.2026;Беларусь;UL-001;100;12;93,46;6704;7;
EXP-2026-0487;21.04.2026;Италия;UL-005;500;5;92,83;26550;40;
EXP-2026-0488;21.04.2026;Италия;UL-005;100;5;91,1;5640;40;
EXP-2026-0489;21.04.2026;Армения;UL-006;100;9;91,79;6663;14;
EXP-2026-0490;22.04.2026;Германия;UL-002;500;8;91,23;34947;35;
EXP-2026-0491;22.04.2026;ОАЭ;UL-004;100;6;91,21;4597;45;
EXP-2026-0492;22.04.2026;Армения;UL-006;200;9;93,39;9897;14;
EXP-2026-0493;23.04.2026;ОАЭ;UL-005;200;5;91,44;12859;45;
EXP-2026-0494;23.04.2026;Казахстан;UL-001;200;12;91,71;8829;12;
EXP-2026-0495;23.04.2026;ОАЭ;UL-005;200;5;93,13;9286;45;
EXP-2026-0496;23.04.2026;ОАЭ;UL-002;100;8;92,55;5130;45;
EXP-2026-0497;23.04.2026;Сербия;UL-007;1000;20;91,66;32036;25;
EXP-2026-0498;23.04.2026;Казахстан;UL-001;200;12;92,79;6025;12;
EXP-2026-0499;24.04.2026;Италия;UL-005;500;5;91,83;28878;40;
EXP-2026-0500;25.04.2026;Германия;UL-001;100;12;92,62;3366;35;
EXP-2026-0501;25.04.2026;Беларусь;UL-002;500;8;93,03;23746;7;
EXP-2026-0502;25.04.2026;ОАЭ;UL-004;100;6;91,69;3744;45;
EXP-2026-0503;25.04.2026;Беларусь;UL-002;500;8;92,19;23148;7;
EXP-2026-0504;25.04.2026;Италия;UL-007;200;20;92,92;8308;40;
EXP-2026-0505;26.04.2026;Беларусь;UL-002;200;8;92,66;8027;7;
EXP-2026-0506;26.04.2026;Казахстан;UL-001;200;12;91,23;13606;12;
EXP-2026-0507;26.04.2026;ОАЭ;UL-001;200;12;92,12;12818;45;
EXP-2026-0508;26.04.2026;Казахстан;UL-002;100;8;91,48;4669;12;
EXP-2026-0509;26.04.2026;Казахстан;UL-001;200;12;91,14;9297;12;
EXP-2026-0510;26.04.2026;Казахстан;UL-007;100;20;93;6245;12;
EXP-2026-0511;26.04.2026;Казахстан;UL-002;200;8;92,13;9928;12;
EXP-2026-0512;27.04.2026;Беларусь;UL-006;200;9;91,59;7593;7;
EXP-2026-0513;27.04.2026;Италия;UL-002;100;8;92,24;3454;40;
EXP-2026-0514;27.04.2026;Казахстан;UL-002;1000;8;91,03;54348;12;
EXP-2026-0515;27.04.2026;Германия;UL-002;200;8;92,01;13787;35;
EXP-2026-0516;27.04.2026;Казахстан;UL-001;500;12;92,44;18742;12;
EXP-2026-0517;27.04.2026;Сербия;UL-002;500;8;92,89;27856;25;
EXP-2026-0518;27.04.2026;ОАЭ;UL-001;200;12;92,58;8775;45;
EXP-2026-0519;28.04.2026;Армения;UL-003;500;32;92,69;30865;14;
EXP-2026-0520;28.04.2026;Беларусь;UL-005;1000;5;93,25;46030;7;
EXP-2026-0521;28.04.2026;ОАЭ;UL-004;200;6;91,67;10982;45;
EXP-2026-0522;28.04.2026;Армения;UL-001;200;12;92,37;10700;14;
EXP-2026-0523;29.04.2026;Армения;UL-005;100;5;92,17;3663;14;
EXP-2026-0524;29.04.2026;Сербия;UL-005;200;5;93,41;10732;25;
EXP-2026-0525;29.04.2026;Германия;UL-006;100;9;91,43;3233;35;
EXP-2026-0526;30.04.2026;ОАЭ;UL-005;100;5;91,36;6701;45;
EXP-2026-0527;30.04.2026;Германия;UL-001;200;12;91,54;10937;35;
EXP-2026-0528;01.05.2026;Беларусь;UL-002;500;8;93,41;30543;7;
EXP-2026-0529;01.05.2026;ОАЭ;UL-002;100;8;91,88;6441;45;
EXP-2026-0530;02.05.2026;Казахстан;UL-005;500;5;91,68;19136;12;
EXP-2026-0531;02.05.2026;Германия;UL-001;500;12;91,31;18033;35;
EXP-2026-0532;02.05.2026;Армения;UL-004;1000;6;91,45;46890;14;
EXP-2026-0533;02.05.2026;ОАЭ;UL-004;500;6;92,86;27135;45;
EXP-2026-0534;03.05.2026;Армения;UL-007;200;20;92,53;10393;14;
EXP-2026-0535;03.05.2026;Казахстан;UL-002;100;8;93,5;6684;12;
EXP-2026-0536;03.05.2026;Германия;UL-001;100;12;91,46;4691;35;
EXP-2026-0537;03.05.2026;ОАЭ;UL-002;1000;8;91,82;53801;45;
EXP-2026-0538;04.05.2026;Сербия;UL-004;200;6;93,03;13122;25;
EXP-2026-0539;04.05.2026;Италия;UL-004;100;6;91,37;4546;40;
EXP-2026-0540;04.05.2026;ОАЭ;UL-005;200;5;92,85;10023;45;
EXP-2026-0541;04.05.2026;Германия;UL-002;100;8;91,46;5512;35;
EXP-2026-0542;05.05.2026;Сербия;UL-006;200;9;92,18;11924;25;
EXP-2026-0543;05.05.2026;ОАЭ;UL-004;100;6;93,22;3881;45;
EXP-2026-0544;05.05.2026;Сербия;UL-002;100;8;92,52;4114;25;
EXP-2026-0545;05.05.2026;Армения;UL-003;500;32;92,65;27040;14;
EXP-2026-0546;05.05.2026;Армения;UL-004;200;6;93,49;6160;14;
EXP-2026-0547;05.05.2026;Казахстан;UL-002;200;8;92,29;6496;12;
EXP-2026-0548;05.05.2026;Беларусь;UL-005;500;5;91,57;28808;7;
EXP-2026-0549;06.05.2026;Армения;UL-007;200;20;93,27;8039;14;
EXP-2026-0550;06.05.2026;Армения;UL-005;200;5;91,53;9800;14;
EXP-2026-0551;07.05.2026;Италия;UL-005;100;5;92,53;3868;40;
EXP-2026-0552;07.05.2026;Армения;UL-001;100;12;91,09;5776;14;
EXP-2026-0553;07.05.2026;ОАЭ;UL-001;100;12;91,4;5009;45;
EXP-2026-0554;08.05.2026;Сербия;UL-001;500;12;91,07;17024;25;
EXP-2026-0555;08.05.2026;Италия;UL-004;100;6;92,28;6127;40;
EXP-2026-0556;08.05.2026;ОАЭ;UL-006;500;9;91,37;22597;45;
EXP-2026-0557;08.05.2026;Италия;UL-001;500;12;91,19;32043;40;
EXP-2026-0558;09.05.2026;Италия;UL-005;200;5;93,37;13423;40;
EXP-2026-0559;09.05.2026;Беларусь;UL-006;100;9;91,68;5776;7;
EXP-2026-0560;09.05.2026;ОАЭ;UL-005;200;5;91,02;7140;45;
EXP-2026-0561;09.05.2026;Армения;UL-006;200;9;93,25;10509;14;
EXP-2026-0562;09.05.2026;Беларусь;UL-001;100;12;92,71;5279;7;
EXP-2026-0563;10.05.2026;Сербия;UL-007;500;20;92,94;15419;25;
EXP-2026-0564;10.05.2026;Сербия;UL-002;200;8;93,11;6502;25;
EXP-2026-0565;10.05.2026;Сербия;UL-005;200;5;91,24;12394;25;
EXP-2026-0566;11.05.2026;Сербия;UL-006;100;9;93,34;4072;25;
EXP-2026-0567;11.05.2026;Сербия;UL-002;500;8;91,23;32858;25;
EXP-2026-0568;11.05.2026;Германия;UL-004;100;6;93;4580;35;
EXP-2026-0569;12.05.2026;Казахстан;UL-005;100;5;92,98;3312;12;
EXP-2026-0570;12.05.2026;ОАЭ;UL-002;500;8;92,6;23231;45;
EXP-2026-0571;12.05.2026;ОАЭ;UL-002;100;8;93,5;3726;45;
EXP-2026-0572;12.05.2026;Италия;UL-004;500;6;92,35;30192;40;
EXP-2026-0573;13.05.2026;Беларусь;UL-002;100;8;92,91;6341;7;
EXP-2026-0574;13.05.2026;Беларусь;UL-004;500;6;92,08;33791;7;
EXP-2026-0575;13.05.2026;Казахстан;UL-001;200;12;91,54;11553;12;
EXP-2026-0576;13.05.2026;Казахстан;UL-002;200;8;92,31;13961;12;
EXP-2026-0577;13.05.2026;Армения;UL-001;100;12;91,47;4362;14;
EXP-2026-0578;14.05.2026;Италия;UL-002;100;8;92,29;4915;40;
EXP-2026-0579;14.05.2026;Италия;UL-001;200;12;91,97;12519;40;
EXP-2026-0580;14.05.2026;Германия;UL-005;100;5;91,55;3754;35;
EXP-2026-0581;14.05.2026;Германия;UL-004;100;6;91,79;3409;35;
EXP-2026-0582;15.05.2026;Италия;UL-002;200;8;91,45;8276;40;
EXP-2026-0583;15.05.2026;Сербия;UL-003;100;32;92,94;6996;25;
EXP-2026-0584;15.05.2026;Италия;UL-002;500;8;92,36;19056;40;
EXP-2026-0585;15.05.2026;Армения;UL-002;200;8;91,67;10201;14;
EXP-2026-0586;15.05.2026;ОАЭ;UL-002;500;8;93,07;33205;45;
EXP-2026-0587;15.05.2026;ОАЭ;UL-001;100;12;91,64;3062;45;
EXP-2026-0588;16.05.2026;Беларусь;UL-004;200;6;91,86;10225;7;
EXP-2026-0589;16.05.2026;Сербия;UL-004;100;6;92,54;5107;25;
EXP-2026-0590;16.05.2026;Армения;UL-005;500;5;92,85;29784;14;
EXP-2026-0591;16.05.2026;Казахстан;UL-006;100;9;93,41;6596;12;
EXP-2026-0592;16.05.2026;Германия;UL-006;100;9;93,13;5914;35;
EXP-2026-0593;16.05.2026;ОАЭ;UL-004;200;6;92,71;6217;45;
EXP-2026-0594;16.05.2026;Беларусь;UL-002;500;8;92,51;20360;7;
EXP-2026-0595;16.05.2026;Казахстан;UL-004;100;6;92,66;4993;12;
EXP-2026-0596;17.05.2026;Италия;UL-006;100;9;93,32;5324;40;
EXP-2026-0597;17.05.2026;Армения;UL-006;1000;9;93,03;36331;14;
EXP-2026-0598;18.05.2026;Казахстан;UL-006;1000;9;91,73;55595;12;
EXP-2026-0599;18.05.2026;Беларусь;UL-007;500;20;93,3;31188;7;
EXP-2026-0600;18.05.2026;Германия;UL-006;100;9;91,2;4149;35;
EXP-2026-0601;18.05.2026;ОАЭ;UL-001;100;12;92,02;5580;45;
EXP-2026-0602;18.05.2026;Сербия;UL-002;200;8;92,86;11034;25;
EXP-2026-0603;18.05.2026;Казахстан;UL-005;1000;5;91,97;36674;12;
EXP-2026-0604;18.05.2026;Италия;UL-006;500;9;92,93;19453;40;
EXP-2026-0605;19.05.2026;Казахстан;UL-007;100;20;92,42;6904;12;
EXP-2026-0606;19.05.2026;Казахстан;UL-005;200;5;93,27;6832;12;
EXP-2026-0607;19.05.2026;Сербия;UL-004;500;6;92,82;34346;25;
EXP-2026-0608;19.05.2026;Италия;UL-005;200;5;91,48;8340;40;
EXP-2026-0609;19.05.2026;Армения;UL-004;500;6;92,29;19648;14;
EXP-2026-0610;19.05.2026;Армения;UL-002;200;8;93,29;6877;14;
EXP-2026-0611;19.05.2026;Казахстан;UL-002;100;8;93,48;4191;12;
EXP-2026-0612;19.05.2026;Германия;UL-005;100;5;93,32;6250;35;
EXP-2026-0613;19.05.2026;Армения;UL-002;100;8;93,36;3050;14;
EXP-2026-0614;19.05.2026;Италия;UL-003;200;32;92,75;7440;40;
EXP-2026-0615;19.05.2026;Армения;UL-002;500;8;91,75;19984;14;
EXP-2026-0616;20.05.2026;Беларусь;UL-001;100;12;92,47;3163;7;
EXP-2026-0617;20.05.2026;Беларусь;UL-006;200;9;91,83;11833;7;
EXP-2026-0618;20.05.2026;Беларусь;UL-005;100;5;91,27;6985;7;
EXP-2026-0619;20.05.2026;Беларусь;UL-005;500;5;91,67;28614;7;
EXP-2026-0620;20.05.2026;Армения;UL-001;500;12;91,41;34188;14;
EXP-2026-0621;20.05.2026;Италия;UL-001;100;12;91,63;5775;40;
EXP-2026-0622;21.05.2026;Беларусь;UL-001;200;12;93,35;13647;7;
EXP-2026-0623;21.05.2026;Беларусь;UL-005;100;5;92,31;3095;7;
EXP-2026-0624;21.05.2026;Казахстан;UL-005;1000;5;91,66;37038;12;
EXP-2026-0625;21.05.2026;Беларусь;UL-002;200;8;92,87;6433;7;
EXP-2026-0626;21.05.2026;Италия;UL-002;200;8;91,4;9111;40;
EXP-2026-0627;22.05.2026;Италия;UL-001;200;12;92,01;10102;40;
EXP-2026-0628;22.05.2026;Италия;UL-004;200;6;92,39;7264;40;
EXP-2026-0629;22.05.2026;Сербия;UL-005;100;5;91,17;5289;25;
EXP-2026-0630;22.05.2026;Сербия;UL-005;500;5;91,76;33944;25;
EXP-2026-0631;23.05.2026;Германия;UL-004;200;6;91,11;13522;35;
EXP-2026-0632;23.05.2026;ОАЭ;UL-004;200;6;91,74;12111;45;
EXP-2026-0633;23.05.2026;ОАЭ;UL-001;100;12;92,5;3347;45;
EXP-2026-0634;24.05.2026;Беларусь;UL-005;500;5;91,12;15710;7;
EXP-2026-0635;24.05.2026;Италия;UL-001;200;12;93,37;9546;40;
EXP-2026-0636;24.05.2026;Германия;UL-006;100;9;92,03;5906;35;
EXP-2026-0637;24.05.2026;Германия;UL-005;500;5;91,25;32404;35;
EXP-2026-0638;24.05.2026;Сербия;UL-004;200;6;91,53;11254;25;
EXP-2026-0639;24.05.2026;Германия;UL-004;500;6;92,97;21365;35;
EXP-2026-0640;25.05.2026;ОАЭ;UL-001;1000;12;91,04;33482;45;
EXP-2026-0641;25.05.2026;Казахстан;UL-006;100;9;92,01;4086;12;
EXP-2026-0642;25.05.2026;Казахстан;UL-005;100;5;91,17;6570;12;
EXP-2026-0643;26.05.2026;Беларусь;UL-003;500;32;91,65;22403;7;
EXP-2026-0644;26.05.2026;Беларусь;UL-002;200;8;91,58;10302;7;
EXP-2026-0645;26.05.2026;ОАЭ;UL-002;100;8;92,06;6928;45;
EXP-2026-0646;27.05.2026;Казахстан;UL-006;100;9;91,14;3951;12;
EXP-2026-0647;27.05.2026;Армения;UL-004;200;6;93,49;8008;14;
EXP-2026-0648;27.05.2026;Беларусь;UL-007;500;20;92,88;20859;7;
EXP-2026-0649;27.05.2026;Армения;UL-001;100;12;92,82;3945;14;
EXP-2026-0650;27.05.2026;Италия;UL-006;200;9;91,18;13593;40;
EXP-2026-0651;27.05.2026;Сербия;UL-004;200;6;92,32;11622;25;
EXP-2026-0652;28.05.2026;Армения;UL-005;500;5;91,71;27584;14;
EXP-2026-0653;28.05.2026;Армения;UL-005;200;5;92,61;9071;14;
EXP-2026-0654;28.05.2026;Армения;UL-001;100;12;92,05;4779;14;
EXP-2026-0655;29.05.2026;Армения;UL-002;100;8;91,62;6132;14;
EXP-2026-0656;29.05.2026;Беларусь;UL-004;500;6;92,8;16268;7;
EXP-2026-0657;29.05.2026;Италия;UL-002;100;8;91,06;4975;40;
EXP-2026-0658;29.05.2026;ОАЭ;UL-007;100;20;92,67;4786;45;
EXP-2026-0659;29.05.2026;Германия;UL-001;200;12;93,17;8830;35;
EXP-2026-0660;30.05.2026;Сербия;UL-002;500;8;91,48;29693;25;
EXP-2026-0661;30.05.2026;Сербия;UL-006;100;9;92,86;4880;25;
EXP-2026-0662;30.05.2026;Казахстан;UL-006;100;9;92,88;5477;12;
EXP-2026-0663;31.05.2026;Беларусь;UL-007;200;20;91,68;7396;7;
EXP-2026-0664;31.05.2026;Германия;UL-004;500;6;91,28;33284;35;
EXP-2026-0665;31.05.2026;Сербия;UL-005;200;5;91,27;8291;25;
EXP-2026-0666;31.05.2026;Беларусь;UL-002;500;8;92,17;23343;7;
EXP-2026-0667;31.05.2026;Армения;UL-001;100;12;92,56;3751;14;
EXP-2026-0668;31.05.2026;Казахстан;UL-002;1000;8;92,76;34623;12;
EXP-2026-0669;01.06.2026;Италия;UL-001;1000;12;92,58;42931;40;
EXP-2026-0670;01.06.2026;Италия;UL-005;200;5;93,35;9351;40;
EXP-2026-0671;02.06.2026;ОАЭ;UL-005;100;5;92,65;3209;45;
EXP-2026-0672;02.06.2026;Германия;UL-005;100;5;93,23;4140;35;
EXP-2026-0673;02.06.2026;ОАЭ;UL-007;100;20;92,38;3268;45;
EXP-2026-0674;02.06.2026;Италия;UL-001;100;12;93,28;3136;40;
EXP-2026-0675;02.06.2026;Германия;UL-007;100;20;92,03;3644;35;
EXP-2026-0676;03.06.2026;Сербия;UL-006;200;9;93,48;13121;25;
EXP-2026-0677;03.06.2026;ОАЭ;UL-001;500;12;92,85;18742;45;
EXP-2026-0678;03.06.2026;Казахстан;UL-005;500;5;91,31;18639;12;
EXP-2026-0679;03.06.2026;Казахстан;UL-002;100;8;91,83;3304;12;
EXP-2026-0680;03.06.2026;Казахстан;UL-001;500;12;91,73;28918;12;
EXP-2026-0681;03.06.2026;Армения;UL-002;500;8;92,66;28554;14;
EXP-2026-0682;04.06.2026;Сербия;UL-001;1000;12;91,03;56548;25;
EXP-2026-0683;04.06.2026;Сербия;UL-002;1000;8;91,63;45907;25;
EXP-2026-0684;04.06.2026;Армения;UL-002;200;8;92,89;13439;14;
EXP-2026-0685;04.06.2026;Казахстан;UL-001;100;12;91,41;4016;12;
EXP-2026-0686;04.06.2026;Италия;UL-001;100;12;93,48;3672;40;
EXP-2026-0687;04.06.2026;ОАЭ;UL-003;200;32;92,13;10317;45;
EXP-2026-0688;04.06.2026;Италия;UL-004;100;6;92,89;6508;40;
EXP-2026-0689;04.06.2026;Беларусь;UL-001;100;12;91,09;3585;7;
EXP-2026-0690;05.06.2026;ОАЭ;UL-004;100;6;92,86;6727;45;
EXP-2026-0691;05.06.2026;Казахстан;UL-001;100;12;92,91;6485;12;
EXP-2026-0692;06.06.2026;Беларусь;UL-005;200;5;92,95;13002;7;
EXP-2026-0693;06.06.2026;Сербия;UL-006;100;9;92,83;3547;25;
EXP-2026-0694;06.06.2026;Беларусь;UL-003;1000;32;93,44;50093;7;
EXP-2026-0695;06.06.2026;Италия;UL-002;500;8;92,16;25811;40;
EXP-2026-0696;06.06.2026;Сербия;UL-002;100;8;91,18;5463;25;
EXP-2026-0697;07.06.2026;Германия;UL-004;100;6;93,03;4767;35;
EXP-2026-0698;07.06.2026;ОАЭ;UL-002;500;8;93,03;28375;45;
EXP-2026-0699;07.06.2026;Армения;UL-004;100;6;92,07;5414;14;
EXP-2026-0700;08.06.2026;Беларусь;UL-002;500;8;93,19;33456;7;
EXP-2026-0701;08.06.2026;Армения;UL-007;100;20;93,02;6853;14;
EXP-2026-0702;08.06.2026;ОАЭ;UL-001;200;12;92,49;8309;45;
EXP-2026-0703;08.06.2026;Беларусь;UL-001;200;12;91,66;12640;7;
EXP-2026-0704;08.06.2026;Германия;UL-003;1000;32;91,3;40447;35;
EXP-2026-0705;09.06.2026;Армения;UL-005;500;5;93,1;16398;14;
EXP-2026-0706;09.06.2026;Сербия;UL-005;100;5;93,48;5811;25;
EXP-2026-0707;09.06.2026;Казахстан;UL-001;100;12;92,67;4469;12;
EXP-2026-0708;09.06.2026;Казахстан;UL-002;500;8;92,3;17610;12;
EXP-2026-0709;09.06.2026;Беларусь;UL-001;500;12;91,51;15391;7;
EXP-2026-0710;10.06.2026;Германия;UL-002;500;8;92,96;16569;35;
EXP-2026-0711;10.06.2026;Казахстан;UL-005;200;5;91,7;12344;12;
EXP-2026-0712;10.06.2026;Беларусь;UL-001;100;12;91,94;5375;7;
EXP-2026-0713;10.06.2026;Германия;UL-003;500;32;92,81;20402;35;
EXP-2026-0714;11.06.2026;Италия;UL-006;1000;9;92,05;69387;40;
EXP-2026-0715;11.06.2026;ОАЭ;UL-006;1000;9;92,34;37352;45;
EXP-2026-0716;11.06.2026;Италия;UL-004;200;6;93,06;8069;40;
EXP-2026-0717;11.06.2026;Беларусь;UL-002;1000;8;93,23;65056;7;
EXP-2026-0718;12.06.2026;Армения;UL-004;100;6;91,4;3326;14;
EXP-2026-0719;12.06.2026;Беларусь;UL-001;100;12;92,46;3865;7;
EXP-2026-0720;12.06.2026;Беларусь;UL-006;200;9;91,74;6128;7;
EXP-2026-0721;12.06.2026;Сербия;UL-002;200;8;93,32;9601;25;
EXP-2026-0722;13.06.2026;Беларусь;UL-002;200;8;92,96;7410;7;
EXP-2026-0723;13.06.2026;Беларусь;UL-002;200;8;92,99;13505;7;
EXP-2026-0724;13.06.2026;Сербия;UL-004;200;6;91,75;12621;25;
EXP-2026-0725;13.06.2026;Германия;UL-002;200;8;93,05;6343;35;
EXP-2026-0726;14.06.2026;ОАЭ;UL-001;100;12;92,24;4049;45;
EXP-2026-0727;14.06.2026;Германия;UL-004;100;6;91,08;6213;35;
EXP-2026-0728;14.06.2026;Беларусь;UL-005;200;5;93,16;10736;7;
EXP-2026-0729;14.06.2026;Германия;UL-004;500;6;93,4;17577;35;
EXP-2026-0730;15.06.2026;Сербия;UL-004;500;6;91,66;33027;25;
EXP-2026-0731;15.06.2026;Италия;UL-001;100;12;93,11;5622;40;
EXP-2026-0732;16.06.2026;Армения;UL-004;1000;6;92,28;58954;14;
EXP-2026-0733;16.06.2026;ОАЭ;UL-002;500;8;92,01;26730;45;
EXP-2026-0734;16.06.2026;Германия;UL-002;200;8;92,69;13997;35;
EXP-2026-0735;16.06.2026;Италия;UL-002;200;8;91,24;8641;40;
EXP-2026-0736;16.06.2026;Германия;UL-001;100;12;91,32;6200;35;
EXP-2026-0737;17.06.2026;Германия;UL-005;200;5;91,33;7616;35;
EXP-2026-0738;17.06.2026;Германия;UL-005;200;5;92,97;12739;35;
EXP-2026-0739;17.06.2026;Сербия;UL-004;200;6;91,83;6939;25;
EXP-2026-0740;17.06.2026;Беларусь;UL-002;200;8;93,34;11229;7;
EXP-2026-0741;17.06.2026;Италия;UL-002;200;8;92,52;9446;40;
EXP-2026-0742;17.06.2026;Беларусь;UL-001;200;12;91,75;9260;7;
EXP-2026-0743;17.06.2026;Беларусь;UL-002;200;8;93,46;13276;7;
EXP-2026-0744;18.06.2026;Армения;UL-002;100;8;92,93;4070;14;
EXP-2026-0745;18.06.2026;Италия;UL-001;100;12;91,12;6037;40;
EXP-2026-0746;18.06.2026;Германия;UL-002;500;8;91,9;20249;35;
EXP-2026-0747;18.06.2026;Беларусь;UL-005;500;5;92,2;15141;7;
EXP-2026-0748;18.06.2026;Армения;UL-001;200;12;91,78;11779;14;
EXP-2026-0749;18.06.2026;Армения;UL-002;500;8;93,08;29241;14;
EXP-2026-0750;19.06.2026;Армения;UL-001;100;12;93,26;5709;14;
EXP-2026-0751;19.06.2026;Сербия;UL-001;100;12;91,03;6104;25;
EXP-2026-0752;19.06.2026;Германия;UL-004;100;6;91,56;3786;35;
EXP-2026-0753;19.06.2026;Казахстан;UL-002;100;8;92,99;5952;12;
EXP-2026-0754;20.06.2026;Беларусь;UL-001;200;12;91,49;7578;7;
EXP-2026-0755;20.06.2026;Беларусь;UL-004;100;6;91,89;4416;7;
EXP-2026-0756;20.06.2026;Беларусь;UL-004;200;6;92,28;8011;7;
EXP-2026-0757;20.06.2026;Сербия;UL-002;200;8;91,01;12232;25;
EXP-2026-0758;21.06.2026;Армения;UL-001;200;12;91,19;12254;14;
EXP-2026-0759;21.06.2026;ОАЭ;UL-004;1000;6;92,44;58407;45;
EXP-2026-0760;21.06.2026;Сербия;UL-001;100;12;92,67;6435;25;
EXP-2026-0761;21.06.2026;Армения;UL-001;100;12;91,82;3931;14;
EXP-2026-0762;22.06.2026;Германия;UL-004;100;6;93,07;5914;35;
EXP-2026-0763;23.06.2026;Германия;UL-004;500;6;92,93;19985;35;
EXP-2026-0764;23.06.2026;Италия;UL-001;200;12;92,4;8053;40;
EXP-2026-0765;23.06.2026;Беларусь;UL-002;100;8;91,36;6556;7;
EXP-2026-0766;23.06.2026;ОАЭ;UL-005;100;5;91,52;5536;45;
EXP-2026-0767;24.06.2026;Беларусь;UL-006;200;9;91,73;13705;7;
EXP-2026-0768;24.06.2026;Армения;UL-002;500;8;91,23;26125;14;
EXP-2026-0769;24.06.2026;Италия;UL-002;500;8;93,09;29421;40;
EXP-2026-0770;24.06.2026;Германия;UL-004;100;6;91,18;5435;35;
EXP-2026-0771;24.06.2026;Беларусь;UL-004;100;6;92,52;5601;7;
EXP-2026-0772;24.06.2026;Беларусь;UL-002;200;8;92,57;11533;7;
EXP-2026-0773;24.06.2026;Беларусь;UL-002;200;8;92,87;13010;7;
EXP-2026-0774;25.06.2026;Беларусь;UL-005;100;5;92,25;5421;7;
EXP-2026-0775;25.06.2026;Сербия;UL-002;100;8;92,43;6313;25;
EXP-2026-0776;25.06.2026;ОАЭ;UL-001;100;12;93,08;6923;45;
EXP-2026-0777;25.06.2026;Беларусь;UL-005;100;5;93,16;5751;7;
EXP-2026-0778;25.06.2026;Казахстан;UL-001;100;12;92,22;4514;12;
EXP-2026-0779;26.06.2026;Беларусь;UL-001;500;12;91,36;16593;7;
EXP-2026-0780;26.06.2026;ОАЭ;UL-002;100;8;93,11;3869;45;
EXP-2026-0781;26.06.2026;ОАЭ;UL-006;200;9;92,95;12737;45;
EXP-2026-0782;26.06.2026;Италия;UL-002;200;8;93,15;9620;40;
EXP-2026-0783;26.06.2026;Беларусь;UL-005;100;5;91,29;6347;7;
EXP-2026-0784;26.06.2026;Германия;UL-001;500;12;92,3;32907;35;
EXP-2026-0785;26.06.2026;Германия;UL-006;100;9;92,18;4904;35;
EXP-2026-0786;26.06.2026;Армения;UL-002;1000;8;91,75;40333;14;
EXP-2026-0787;26.06.2026;Италия;UL-002;100;8;92,33;5538;40;
EXP-2026-0788;27.06.2026;Казахстан;UL-004;200;6;91,21;10188;12;
EXP-2026-0789;27.06.2026;ОАЭ;UL-002;200;8;91,41;7583;45;
EXP-2026-0790;27.06.2026;Италия;UL-002;500;8;92,97;33461;40;
EXP-2026-0791;27.06.2026;Сербия;UL-002;100;8;92,98;4348;25;
EXP-2026-0792;27.06.2026;Казахстан;UL-004;100;6;91,77;4072;12;
EXP-2026-0793;28.06.2026;Армения;UL-006;100;9;93,39;3050;14;
EXP-2026-0794;28.06.2026;Сербия;UL-005;200;5;91,99;13216;25;
EXP-2026-0795;28.06.2026;Германия;UL-001;200;12;91,31;12542;35;
EXP-2026-0796;29.06.2026;Армения;UL-007;100;20;93,32;6035;14;
EXP-2026-0797;29.06.2026;Италия;UL-006;500;9;92,48;27594;40;
EXP-2026-0798;29.06.2026;ОАЭ;UL-006;500;9;92,76;20478;45;
EXP-2026-0799;29.06.2026;Беларусь;UL-004;100;6;91,7;4005;7;
